{
  "tabpfn_v25": {
    "coverage_80pi_mean": 0.7901262973285353,
    "coverage_ci95": [
      0.7372082198837601,
      0.8412035093063556
    ],
    "interval_ece_mean": 0.11829812506117131,
    "crps_mean": 0.26393776315237977,
    "reliability": {
      "0.05": 0.04877702207910437,
      "0.1": 0.07940013856665003,
      "0.25": 0.19203845007099782,
      "0.5": 0.4080111416809698,
      "0.75": 0.6429875915845569,
      "0.9": 0.8695264358951853,
      "0.95": 0.9432758826729969
    },
    "coverage_conformal_mean": 0.8253785751618575,
    "coverage_raw_eval_mean": 0.7849182292856483,
    "nominal": 0.8
  },
  "tabpfn_v3": {
    "coverage_80pi_mean": 0.726657237893141,
    "coverage_ci95": [
      0.6684575244238389,
      0.7844612267342329
    ],
    "interval_ece_mean": 0.13718240371104912,
    "crps_mean": 0.24581536931111456,
    "reliability": {
      "0.05": 0.05310576466941188,
      "0.1": 0.09874484120546927,
      "0.25": 0.22425246835012252,
      "0.5": 0.43441717765579513,
      "0.75": 0.6581867313026043,
      "0.9": 0.8254020790986103,
      "0.95": 0.92100769378949
    },
    "coverage_conformal_mean": 0.8258978346405275,
    "coverage_raw_eval_mean": 0.7235953186146488,
    "nominal": 0.8
  },
  "ngb": {
    "coverage_80pi_mean": 0.2974468603814112,
    "coverage_ci95": [
      0.2164095351714873,
      0.3825103778456499
    ],
    "interval_ece_mean": 0.5025531396185888,
    "crps_mean": 0.4239274040604107,
    "reliability": {
      "0.05": 0.25372675213722,
      "0.1": 0.2912916461118861,
      "0.25": 0.369851929910588,
      "0.5": 0.45614324761488506,
      "0.75": 0.5184886410162887,
      "0.9": 0.5887385064932972,
      "0.95": 0.6174513264860446
    },
    "coverage_conformal_mean": 0.8204315849019673,
    "coverage_raw_eval_mean": 0.28362233352449356,
    "nominal": 0.8
  },
  "tabpfn_v2": {
    "coverage_80pi_mean": 0.8481530307958097,
    "coverage_ci95": [
      0.8047781546330786,
      0.8903527871451913
    ],
    "interval_ece_mean": 0.11309783450604553,
    "crps_mean": 0.26632238255543605,
    "reliability": {
      "0.05": 0.02429486096615748,
      "0.1": 0.06230124278907392,
      "0.25": 0.18046537893224757,
      "0.5": 0.40354381302430725,
      "0.75": 0.771200921611091,
      "0.9": 0.9104542735848836,
      "0.95": 0.9554047282652707
    },
    "coverage_conformal_mean": 0.8276921485985117,
    "coverage_raw_eval_mean": 0.8441613633841835,
    "nominal": 0.8
  }
}