{
  "catboost": {
    "full": {
      "mean": 0.5590209139111424,
      "ci95": [
        0.4194270695728861,
        0.7015832352391526
      ]
    },
    "fewshot50": {
      "mean": 0.5696967565038537,
      "ci95": [
        0.42693820293216767,
        0.6994000044677708
      ]
    },
    "fewshot25": {
      "mean": 0.5803404050430387,
      "ci95": [
        0.4478837108204517,
        0.71484509731986
      ]
    }
  },
  "mlp": {
    "fewshot50": {
      "mean": 24.98398205342861,
      "ci95": [
        1.1509470136948015,
        72.28004580792144
      ]
    },
    "fewshot25": {
      "mean": 3.370513193055463,
      "ci95": [
        0.9416560344888284,
        7.7914389215569235
      ]
    },
    "full": {
      "mean": 1.9325710559181177,
      "ci95": [
        1.222599443148817,
        2.722744483331544
      ]
    }
  },
  "xgb": {
    "fewshot50": {
      "mean": 0.628567748680306,
      "ci95": [
        0.4769197816903435,
        0.7899032704452514
      ]
    },
    "fewshot25": {
      "mean": 0.6465651990032748,
      "ci95": [
        0.504012362859625,
        0.8000682832852152
      ]
    },
    "full": {
      "mean": 0.5977528838665169,
      "ci95": [
        0.4427129778575438,
        0.7514568148787718
      ]
    }
  },
  "tabpfn_v2": {
    "fewshot50": {
      "mean": 0.5468651202111545,
      "ci95": [
        0.40523613552416105,
        0.6947071445314752
      ]
    },
    "fewshot25": {
      "mean": 0.579290334289442,
      "ci95": [
        0.4420349463967182,
        0.709266346809537
      ]
    },
    "full": {
      "mean": 0.5380113560852082,
      "ci95": [
        0.3998978172686618,
        0.6747379684004958
      ]
    }
  },
  "tabpfn_v25": {
    "full": {
      "mean": 0.5910254843290903,
      "ci95": [
        0.4273257962133116,
        0.7506667273751922
      ]
    },
    "fewshot50": {
      "mean": 0.5711558798202762,
      "ci95": [
        0.4255357944478004,
        0.7290838067151393
      ]
    },
    "fewshot25": {
      "mean": 0.5928928661512108,
      "ci95": [
        0.44960875527543415,
        0.7470256130614318
      ]
    }
  },
  "tabpfn_v3": {
    "full": {
      "mean": 0.48979428511634543,
      "ci95": [
        0.35845899210582943,
        0.6241970201640223
      ]
    },
    "fewshot25": {
      "mean": 0.5600043675281463,
      "ci95": [
        0.42519546431468175,
        0.7067971254943448
      ]
    },
    "fewshot50": {
      "mean": 0.5139084918092408,
      "ci95": [
        0.37951706551654407,
        0.6500333211352838
      ]
    }
  },
  "ngb": {
    "fewshot25": {
      "mean": 0.79966511825159,
      "ci95": [
        0.6684493776269961,
        0.933392485835516
      ]
    },
    "full": {
      "mean": 0.5873382245873964,
      "ci95": [
        0.44429938083890064,
        0.7357623024640084
      ]
    },
    "fewshot50": {
      "mean": 0.6288171049231316,
      "ci95": [
        0.475554819530287,
        0.7797458817766745
      ]
    }
  }
}