{
  "reference_best_classical": "catboost",
  "tests": {
    "tabpfn_v2_vs_catboost": {
      "n": 30,
      "stat": 176.0,
      "p_raw": 0.25343610532581806,
      "median_delta": -0.002262148901896417,
      "p_holm": 0.5068722106516361
    },
    "tabpfn_v25_vs_catboost": {
      "n": 30,
      "stat": 230.0,
      "p_raw": 0.9676735773682594,
      "median_delta": -0.0005299437102281,
      "p_holm": 0.9676735773682594
    },
    "tabpfn_v3_vs_catboost": {
      "n": 30,
      "stat": 118.0,
      "p_raw": 0.017453668639063835,
      "median_delta": -0.0060235699764759,
      "p_holm": 0.052361005917191505
    }
  },
  "delta_ci95_tfm_minus_classical": {
    "tabpfn_v2": [
      -0.0773049635738566,
      0.03487523801644485
    ],
    "tabpfn_v25": [
      -0.04331986542268352,
      0.1142592669778062
    ],
    "tabpfn_v3": [
      -0.12213067314443202,
      -0.015252487232241384
    ]
  }
}