{
  "test": "Nemenyi post-hoc + mean ranks",
  "models": [
    "catboost",
    "mlp",
    "ngb",
    "tabpfn_v2",
    "tabpfn_v25",
    "tabpfn_v3",
    "xgb"
  ],
  "mean_rank": {
    "catboost": 3.533333333333333,
    "mlp": 6.8,
    "ngb": 4.266666666666667,
    "tabpfn_v2": 3.0,
    "tabpfn_v25": 3.7333333333333334,
    "tabpfn_v3": 2.3,
    "xgb": 4.366666666666666
  },
  "critical_difference": 1.8484608852892845,
  "nemenyi": [
    [
      1.0,
      9.893978003550075e-08,
      0.8453309430986968,
      0.9631105155469234,
      0.9998329709391733,
      0.28928287692074983,
      0.7485905921023978
    ],
    [
      9.893978003550075e-08,
      1.0,
      0.00011356805333884168,
      2.0093937624920954e-10,
      8.020579609357981e-07,
      1.509903313490213e-14,
      0.0002591085899701362
    ],
    [
      0.8453309430986968,
      0.00011356805333884168,
      1.0,
      0.25816812161709335,
      0.9631105155469234,
      0.00770181218088295,
      0.9999972241973605
    ],
    [
      0.9631105155469234,
      2.0093937624920954e-10,
      0.25816812161709335,
      1.0,
      0.8453309430986968,
      0.8722537813120993,
      0.1778883052490643
    ],
    [
      0.9998329709391733,
      8.020579609357981e-07,
      0.9631105155469234,
      0.8453309430986968,
      1.0,
      0.13529621383486123,
      0.9172608299506464
    ],
    [
      0.28928287692074983,
      1.509903313490213e-14,
      0.00770181218088295,
      0.8722537813120993,
      0.13529621383486123,
      1.0,
      0.003975183063971266
    ],
    [
      0.7485905921023978,
      0.0002591085899701362,
      0.9999972241973605,
      0.1778883052490643,
      0.9172608299506464,
      0.003975183063971266,
      1.0
    ]
  ]
}